,0,1,2,3,4,5,6,7,8,9,10,11,12,13,14,15,16,17,18,19,20,21,22,23,24,25,26,27,28,29,30,31,32,33,34,35,36,37,38,39,40,41,42,43,44,45,46,47,48,49,50,51,52,53,54,55,56,57,58,59,60,61,62,63,64,65,66,67,68,69,70,71,72,73,74,75,76,77,78,79,80,81,82,83,84,85,86,87,88,89,90,91,92,93,94,95,96,97,98,99,100,101,102,103,104,105,106,107,108,109,110,111,112,113,114,115,116,117,118,119,120,121,122,123,124,125,126,127,128,129,130,131,132,133,134,135,136,137,138,139,140,141,142,143,144,145,146,147,148,149,150,151,152,153,154,155,156,157,158,159,160,161,162,163,164,165,166,167,168,169,170,171,172,173,174,175,176,177,178,179,180,181,182,183,184,185,186,187,188,189,190,191,192,193,194,195,196,197,198,199
0,0.2607100998227355,0.26787235776507373,0.3002206257273275,0.3198984474238518,0.3815443042865658,0.43189055668924414,0.42232814636965094,0.4815488574967248,0.5366098541293522,0.5737607167288569,0.6021912876872614,0.6585145128839721,0.7187186438384999,0.7777969371142145,0.8162294028796571,0.8699212411205591,0.9244066507269504,0.946387557791985,0.9849329312563112,1.001251053919159,1.0607533361198795,1.0835404173264207,1.1024733485973142,1.1372199492055342,1.1086893583365147,1.1291148379411333,1.1024912829345472,1.1204631730280257,1.107830994714681,1.0650118128159627,1.0394870448061178,1.0455985839326327,0.9842223734469774,0.9634661495238038,0.9438634366782876,0.9151127091636427,0.8969469318253845,0.8531473706776447,0.8469826794479314,0.8031346502241138,0.7951076650040674,0.786800329347475,0.7365058944561503,0.730521278363593,0.7489781588707795,0.7342421744898661,0.7377949611395814,0.7436437952987367,0.7917778021459179,0.8003808717595036,0.8080811424633605,0.8572532654606022,0.8592107544755587,0.9151818868033301,0.9239265504709754,0.929595695916133,0.9656392401267464,1.0167464584771118,1.0345696794779065,1.0675444074471374,1.0606513825010202,1.0952959610504216,1.0825264589070398,1.118703801807364,1.0937679756152694,1.0954899464895747,1.102093179638189,1.1003313236778551,1.0726767325407993,1.05154123280582,1.0565684358020175,1.0229783870945612,0.9769623446108289,0.9203980358521808,0.8806071134430861,0.8616215950332279,0.829378740352294,0.781845819284097,0.7524479798115489,0.6889956206369221,0.6749873975353684,0.6199098049513219,0.5852116732866111,0.536965028908223,0.4672558934045844,0.47539283013417444,0.42078681745975377,0.406777812170001,0.3709133764664535,0.35469710299374435,0.2863047044693372,0.26307682194412024,0.2521715254874949,0.26518230377455565,0.22128310871398282,0.23519273863169166,0.20399119139153987,0.21050014036421885,0.2013271893234924,0.17521112018484275,0.17292102427789377,0.14850783956375027,0.15211528535646962,0.1380417735770206,0.11833439741870069,0.13415339693015244,0.1233760919523942,0.11294384001063165,0.116833416679219,0.14382217558483262,0.12274896893473031,0.10755298807001555,0.1406504961301511,0.11205856959734348,0.12391814784726041,0.1079501986282971,0.1417713748606361,0.10983903368521732,0.13275647319397268,0.11273246353119716,0.10348504834147969,0.12499331961613011,0.13402676188096063,0.13966649408928805,0.13152480234385938,0.10024596830714323,0.11742514826723642,0.12585398161457978,0.10834338084000689,0.137539462835945,0.10020585359886762,0.10546366764159408,0.10387190898687534,0.12079239202186443,0.14813916964571192,0.11044123162219746,0.12296941470851296,0.14895403796094053,0.1173356116975087,0.1498384007930101,0.10502056661380267,0.14658905585343454,0.14323581284115025,0.11826352715032652,0.11996310848952618,0.139565253692719,0.10177436506759088,0.10953401512353565,0.1370587256838008,0.14727490135378357,0.11045856695606779,0.1060478592562904,0.1189050718208935,0.1312086354144727,0.1263501260067397,0.1494998761083459,0.14490839124353852,0.10516458430169441,0.13968160732997825,0.11408122958560628,0.1137130912073581,0.10530684878810084,0.12803747074320834,0.11089722730438341,0.10085361317709085,0.13616557042187044,0.12361289033503675,0.11829063158846896,0.13491643797941186,0.10576336475038074,0.12276910009906586,0.11255564088072832,0.10585589821079269,0.12703035443818272,0.11911148670934926,0.1351518875075294,0.13089876185558336,0.10686634453143432,0.1260719072922084,0.1156472187775804,0.12641115832249053,0.10671051128951471,0.10952904590770787,0.11559635324148454,0.13134726585631146,0.10098612375483317,0.1414807920946251,0.11200200229497248,0.14012514966958012,0.12481944469185413,0.11359085348665678,0.13993284163803354,0.10822044020064725,0.1388219412692591,0.12621262427611382,0.12170624343423057,0.1422483573888777,0.12908847519304634,0.14034414628050157,0.13407889471151468
1,0.196543397216755,0.19807771531731033,0.1844630594627949,0.2384347224072384,0.21394402930852802,0.24109604927398776,0.2843741714054455,0.2678399082022171,0.3089975054252524,0.3086838893136773,0.3726518524962218,0.3743853258275162,0.43521964035905425,0.46464921913714263,0.4585534491339544,0.5330518022351487,0.5461609966811534,0.5782945811666117,0.6414662914788445,0.6768614574406946,0.7006489224236413,0.7782435563202772,0.8187573796451167,0.8187650418586945,0.851687751550072,0.8888516997364031,0.9551730183306477,0.9767791942130927,1.0297282296378734,1.0159732993731976,1.0649170154661942,1.0768545371344667,1.1141499010151554,1.0795067924024713,1.1336099972390568,1.1316837995348004,1.1211927866935358,1.1055295763300694,1.0982604642587221,1.0937492145411671,1.0573322019523441,1.0396922222160103,1.0055892448395587,0.9926836041796062,0.9819975806468463,0.9528617013332645,0.9224964943008129,0.8855465799369419,0.8770808608446975,0.8471073769573502,0.8349255028765641,0.8156454896968234,0.7953555618346636,0.8057102027726978,0.7706673074523072,0.7832360040960328,0.7997343592248761,0.7918974253391758,0.8082554926230349,0.8410258064117664,0.8319809156715069,0.8768400394690601,0.8726908972004409,0.9224214554450547,0.951770378568528,0.9568973966558959,0.9787023998981439,1.016866671874043,1.073727508063568,1.055094192029969,1.076468043421967,1.131537796044599,1.1244430615200205,1.137424515000028,1.1345345950332315,1.1194749360377907,1.1015731335895333,1.0775579792444268,1.0711786107642316,1.066344292349271,1.033298862093022,0.9833655407849913,0.9783898612126334,0.9148393779788395,0.8966459485525005,0.817155421450236,0.7929220090343907,0.7218840545933682,0.6983636496206409,0.6414244600871617,0.6025755591242681,0.5469524892859464,0.5061070322630268,0.4863827372067999,0.42405078557805115,0.3779878778760868,0.355353980125995,0.3408541899627011,0.289042962386464,0.30302600909969446,0.2719323287607703,0.21778223030479232,0.2456637342931986,0.2278691861206652,0.2060434758458966,0.19055082831736084,0.1873329229949086,0.16908436212167896,0.17197178025510357,0.13435539629080107,0.14211639435464973,0.11811773600219355,0.15571543731299492,0.1421500133738473,0.11538175003445979,0.1255837131775673,0.11128409370013564,0.14258616004401184,0.14129768025197717,0.13006317041482618,0.13298254632641657,0.10669082393221349,0.12456455340406704,0.14785235469175767,0.14687374806252426,0.1351526354605503,0.14780612211050664,0.13364514611525147,0.12152146606986884,0.1479054960964885,0.11155843871351145,0.13460826258416006,0.13171385763434088,0.14863892599116504,0.13663134945650962,0.12920603976743544,0.1329132902089788,0.11086081955365239,0.1272280375648362,0.12549178428130725,0.11797138027718251,0.14107803771519603,0.13784920853866306,0.10563727684562602,0.12714282012066133,0.1006482375416475,0.1263055699469587,0.12214120788640555,0.11196503192757921,0.1497513150021062,0.10895092855739844,0.11035937438579982,0.14500504316593824,0.14853733792151214,0.14140290044048587,0.10994636526048993,0.12253679264179904,0.12033672818671133,0.10742573523572715,0.12662706543743418,0.13892999946488485,0.14002339210532216,0.13572288170142094,0.1251808416973039,0.13193272268365352,0.13061268240782953,0.14598796036845857,0.1284059536956348,0.12936334709924663,0.14118699928810388,0.13692560663203937,0.10571369746867575,0.13970958395610641,0.12197741779255429,0.1301094529171307,0.1326637708144363,0.13677299180094787,0.11914901286252673,0.12289019612088459,0.12963294753327897,0.11781348324159059,0.11189191874352676,0.12842401000724818,0.1147736510858302,0.1327011201528817,0.10684695663026014,0.13489158093046907,0.12386188149551938,0.13955264832232284,0.1176640154322119,0.14156735015110952,0.13755947572817592,0.10670774142208,0.14752125807598512,0.12934041219050826,0.14206247552634677,0.116034619591102,0.1423772941659426,0.12007893702818699,0.14611600334098132
2,0.12077905084324264,0.1060457936006259,0.11790102963068101,0.12186352612415546,0.11186146817105881,0.15034433880532033,0.12097696264571785,0.13903869240733271,0.16912077174170687,0.1623439779819076,0.16460155152296724,0.15347960079712242,0.19951492510383478,0.1756703910545036,0.22247662347728775,0.20058562810711053,0.2236275388413584,0.22304505308237538,0.28683092889445433,0.28385107207722615,0.30551533305320017,0.326243950263092,0.38563665043637807,0.38446412598554297,0.4225020178327148,0.46772620787786884,0.5049884993517625,0.5679990827585198,0.5769289607067877,0.6165101709955951,0.688591737448057,0.7222467516366545,0.7740099342957956,0.7836715805003416,0.830836822322441,0.906485279125452,0.9264896331111401,0.9634768668194298,0.9900837862930849,1.02914541826968,1.0768700675425904,1.0611952516595127,1.0935873030553256,1.125934802763656,1.1329734099779951,1.115031280300466,1.0975544293730983,1.1285659333551281,1.101646988332747,1.072536391215749,1.0499374536635666,1.019172993291384,1.0197738856625012,0.9663885855524216,0.9617727928258881,0.9000561319786933,0.8705799231817718,0.878491646652462,0.8344178098259449,0.8049627225750757,0.7828361404283299,0.7640415629585726,0.7282999472895494,0.7175056918318248,0.7250390357014258,0.7167833846390259,0.7492362797360776,0.7359583936184512,0.7441434743396205,0.7758423609149249,0.8168606755300231,0.8210656369561529,0.8519106207649437,0.8596537480134833,0.9298677452906516,0.9403661753771838,0.95981783727397,1.0021534784761277,1.049969141686331,1.06150805776991,1.1019820100093363,1.0786464676133478,1.0907383974677982,1.1019769943550046,1.1011964504980951,1.1436036459046206,1.1295339988731863,1.1198469026350577,1.0983546494761958,1.049925619498195,1.032412200617697,0.9692085393419726,0.9422562020256364,0.9364900293596534,0.8570091894221882,0.8108991064033759,0.7756098122376436,0.7135458699651668,0.6917669937089117,0.6589789495158777,0.572577139471725,0.5527763331211408,0.5044358011627516,0.45695189735560326,0.43368760380154425,0.3964723633334252,0.37632499665448094,0.3468929004649158,0.2916377344266274,0.28078445581147676,0.2655684392759061,0.24551820354473025,0.21309820720140799,0.19162682239520898,0.20464927184078036,0.17416458997650575,0.20677276611025075,0.17568488417021483,0.17916675889619788,0.17846065312653908,0.1758853972468543,0.1701025349621112,0.21095526871459894,0.19960882537355856,0.22923307093622636,0.25260808686785186,0.2732293398255772,0.28129705572735025,0.30502849975749435,0.29058323229479643,0.34525229188454926,0.3449388839397205,0.4135672331976987,0.4191962148493371,0.4554316054708322,0.47859784939800226,0.5336864437639665,0.5497883593521342,0.6065341864664455,0.6705315311555594,0.6923520611349386,0.7594189725048257,0.7983965763331066,0.843343262088246,0.8520921979409551,0.9178071871256935,0.9569248539210895,0.9994362255927686,0.9917418612200813,1.0309968011658044,1.0482570730256553,1.072355733981974,1.1169610752927335,1.118891639063414,1.1223038553126634,1.0950329233027374,1.107609124709426,1.1215842405231333,1.0835374555567239,1.0805954169740772,1.060557160427381,1.0042971534749838,0.9877216655259644,0.932932180350174,0.8933178101030795,0.8542381776518105,0.8298538165350615,0.7682628776308935,0.7493051190855577,0.6925525765688141,0.6722671788547123,0.635296675174706,0.5875891053401134,0.5469082658731153,0.5176409148937541,0.4575779772797518,0.426941485193701,0.4054133886101198,0.3420643496579327,0.3294165232060759,0.3051364436063314,0.2606160432161685,0.27363723873447066,0.2665836907615948,0.2142741412959033,0.21920209840549798,0.18527515824667554,0.18716315809078127,0.18888286434741403,0.173658443213798,0.1548373273340795,0.1331028473462456,0.1553830574710696,0.12114206760469604,0.1465109174294728,0.1435089551244168,0.15619985172889964,0.1180196485611562,0.15289979067409723,0.14646639093490774
3,0.1396183673222112,0.1429310916258616,0.10340165472325777,0.1343154056375386,0.13006626909529453,0.14825404054955016,0.11971622098329592,0.1454044053648572,0.12149898125394734,0.1385701150177613,0.1435878875532043,0.10842764480867645,0.1387796963480177,0.1458261787819346,0.15798241233438493,0.11919192250412453,0.12885340731259404,0.1613124364238941,0.16296186026323103,0.1757523194237166,0.17952663923576223,0.17925760872189386,0.19550025952027839,0.18306932540175214,0.19903463817540978,0.21473642554792444,0.22078655414877568,0.23560768493464845,0.2689830569465125,0.3092220017850952,0.30616377659364735,0.34120103153990944,0.39489810048155105,0.4178686668258552,0.4591269016093181,0.5007802361693706,0.4991022612571729,0.5653340337706289,0.5985268997429017,0.618210426258393,0.6883860473372109,0.7416768548957138,0.7937215242073224,0.7932560569081475,0.8528795232671831,0.9114068067365889,0.9303277439029964,0.9788953874937194,1.012637820008662,1.0391716705074936,1.0787323243152263,1.0909026238308088,1.115649587044703,1.125161571130298,1.123095633556888,1.103002485284948,1.1282979727346878,1.1120256662259138,1.1021589021772327,1.0870707159879827,1.0983545370826269,1.0354712779574704,1.0102835917952862,1.0164480948441121,1.0016000966488183,0.9345017732663782,0.9399148345668669,0.9327728827446077,0.873937947153433,0.8619630173224461,0.8363919185139099,0.8392806547383691,0.8018084558116382,0.8100102637807992,0.8295958156072663,0.7960219814442575,0.7973817378779868,0.8101499428839197,0.8261774273657523,0.8444379070058899,0.8472172541844638,0.8825514292829607,0.8997963930414,0.9458162786585467,0.9521382868243711,0.9703479691934999,0.9982560612979099,1.041784779967456,1.0518485973642049,1.0779764487323298,1.077698864621858,1.113279187523867,1.1024628751216186,1.096976160562096,1.1429544888418053,1.0995412371796487,1.1274258692451122,1.0998246377470664,1.0674330315945213,1.07616322515305,1.0540722163050773,0.9881046113881466,1.0007805159902223,0.9632396879697979,0.9056554823721623,0.8697852272341899,0.8244257283278544,0.7658522748652367,0.7544382009184473,0.6989612505846934,0.6507885627859876,0.6231012003306173,0.555806942963696,0.5354043565976948,0.4664897945633991,0.4447457879864529,0.39887710556232026,0.40601936133338606,0.36682726571212076,0.3187443136187781,0.3044726050565712,0.29913959306657173,0.24647298222415262,0.26337234004529414,0.2546352834768713,0.2162373267285579,0.2080188360738457,0.19802247011166182,0.19035811393385607,0.16675160305583053,0.19798959469076624,0.17270969270180275,0.18396985512471425,0.20294298588494658,0.18038731336008895,0.2122605713404367,0.18402480793365183,0.21474656077304244,0.2074264179668135,0.2566504949857993,0.24386099127920122,0.2928495673357701,0.3272639602070048,0.34687040184634976,0.36144468605457647,0.4129332289300914,0.467160562776287,0.4639801907520425,0.5425416767639915,0.5497208615476028,0.6069092834448976,0.6449450538525161,0.7104137789674033,0.7447436937565438,0.8147158749641452,0.8551174164481593,0.9108293886896873,0.938368390783144,0.9904163786886155,1.0212726366964362,1.0270270316842778,1.0518309641530812,1.1058455687311854,1.108001054972926,1.1098354865264306,1.1086525461852346,1.1119697636571022,1.10675967849034,1.0652667426555518,1.063832711674731,1.0210600443797149,0.9999632533098841,0.9312351876694289,0.8834838571989948,0.8763378208363022,0.7954931138305056,0.767018322374482,0.7304034022867909,0.656826291697368,0.6101818700445067,0.5715260599987639,0.513341065791139,0.4714893117132691,0.4306879907547697,0.4184760881377316,0.351107354689682,0.3624076470577835,0.29739302589036554,0.2940393805720172,0.27926477628444,0.2503888495333819,0.2348823204353767,0.20127703091465088,0.175355450200811,0.19506899950625012,0.18118576519970792,0.14619112238374293,0.1321279992017381,0.16709595996313004,0.15217250339350605
4,0.1287408653940814,0.10187814763300194,0.13885038753805146,0.10691168564769706,0.10425377695605433,0.10394807133358555,0.1495085056188034,0.12385354783094003,0.1383598290327932,0.14672064392672998,0.11813808648885417,0.10518927130097763,0.10558335035990253,0.14610826589047626,0.12011369082217674,0.1132390908934641,0.1425575086480591,0.11602355358894742,0.10422222252028829,0.10352445308597413,0.1484859826922824,0.14343529534881386,0.15281297842264452,0.11874064535337762,0.15196176379529097,0.1200039145614594,0.1507377976169803,0.13621753641311446,0.13274847457521483,0.15292531923798003,0.13772948680685795,0.1565261507808473,0.14215696173820908,0.1726953272418593,0.19741424800753424,0.19186595701894074,0.18608324823572472,0.22251422300386942,0.2502172730474691,0.23768552620148622,0.26432545925321416,0.32827987563109107,0.3533054096077869,0.35307109148024474,0.3990462178777214,0.45745058344099504,0.46194637696341756,0.5223595538469696,0.5413393329877438,0.5980062015685934,0.6286001283451974,0.6758742753321175,0.7358976338868605,0.7597027684084163,0.8516562246428145,0.8635413531628703,0.9310914168361537,0.9584350815906366,0.9914705838161079,1.0048688461307425,1.048004342475901,1.0947095882597373,1.1153493679672244,1.1262656034221075,1.1167249529934642,1.1050878264343174,1.1471546400749173,1.1024034154105182,1.1087328567427253,1.0840197553741089,1.0516549586307997,1.0636587343308388,1.0067861593675371,1.0153652838018619,0.9858460787681187,0.9559816576781139,0.9429248332054736,0.8692088033137889,0.8585837241303772,0.8301448314947162,0.848069366147697,0.8289612882286808,0.779827473958868,0.7935549911196909,0.8004628699577839,0.7685695193230033,0.7846612194555755,0.7794251845473825,0.8286565564582354,0.8468937949858217,0.8521469301745983,0.862109853369022,0.8910900072272784,0.897409243824744,0.9349630418670284,0.9496588917577576,0.9858932659041659,0.9985641530656446,1.019434393988831,1.0565001408710082,1.1014044895073039,1.080334049478119,1.0977602821608252,1.1252200804981345,1.0897217968031676,1.1133067297208077,1.1256222692890145,1.1029473447143605,1.0981702233063007,1.0479032970160138,1.0466167105677984,1.00663382587522,0.9885769883397552,0.9401917537118495,0.9185679591615941,0.8924154373320944,0.8461236275704802,0.8200207258813534,0.7673160470382693,0.7210490066162354,0.689332420041732,0.6439204654368875,0.5862331612841547,0.5289628353194744,0.507864457374645,0.46891651341770346,0.46421058064111453,0.4345079971411314,0.36029470254384377,0.343146435068129,0.3354902673348289,0.3151637968639227,0.26769475150918226,0.2950916537555251,0.23142171444014598,0.23978101723857245,0.24764413942573266,0.24326082528040288,0.2052016930816643,0.1933481601230828,0.23035463309961607,0.19635298352403474,0.21538448719277037,0.2266380283789301,0.23667165434343085,0.23547362291854684,0.22863800125974637,0.2519323321196149,0.29350600420071726,0.32394398606371577,0.32034748666386614,0.339102055796,0.3872657489874892,0.4077344437780092,0.4622367625423037,0.49499892787594163,0.4991125810231366,0.5468410626875078,0.5728038781533381,0.6480119102507521,0.6731751537241896,0.7355803779572114,0.7846677656375998,0.7859737570938284,0.8542124572725737,0.8693895251944742,0.9077021848092923,0.9640962243026091,1.016256015042412,1.0127804235813793,1.057763447664635,1.0581176471867195,1.0762055402670765,1.0948474287321341,1.081865116094771,1.1154094098647598,1.1166070322505164,1.0914170460083192,1.0591782422171852,1.0429255742235815,1.030978309483974,1.0198252154062732,0.9733368019796256,0.9393683007586513,0.8789265770747171,0.8608281874243215,0.827448739695871,0.747806618112775,0.7030041690082143,0.6807932356316737,0.6524775109011854,0.6183681956237154,0.5451063445668638,0.528794125703461,0.4797043164288023,0.4356729269896674,0.4291291807098505,0.366749188121689,0.34023484701818874,0.33071489900177764
5,0.13241662453768077,0.11537487780303095,0.12193745659099132,0.11329790358449046,0.12485786761132568,0.10802174476694992,0.12269387461740375,0.11342427416143666,0.13787286081642444,0.14400077459263286,0.148378697488666,0.14666749336357787,0.13101320224753885,0.124639335456106,0.12246487526824018,0.11637384297087097,0.13148504241255562,0.12060495864570879,0.14596498223735666,0.15076934099137973,0.1573567210332764,0.15838024715315274,0.17209444296872284,0.15719621140817622,0.179506518329065,0.1666571424143716,0.18822520364465203,0.18503993458170578,0.21950221862329727,0.20355308714955686,0.25389821748345875,0.2545243528474244,0.2947998235172941,0.2989007408590918,0.3378303861667877,0.341581009149873,0.4057152303949542,0.38893014827154015,0.4345811447047539,0.4812740384114619,0.4976279353329232,0.5516311926349002,0.5755167927611491,0.63834584384872,0.6451326944773738,0.7004485908149127,0.7185606661106023,0.7630488033000842,0.7986348451337779,0.8175461154442544,0.8718230222057551,0.8842554625066096,0.9408301933687224,0.9538317408599006,0.975578037784886,0.9966183031497068,1.0417029456097797,1.0406973388493035,1.0812995784957438,1.0763032177404208,1.0924002867238707,1.1052875230122,1.1365120287225456,1.1290429254627559,1.1000407385265565,1.1352042824882447,1.1179887831689526,1.1433673526676444,1.0998918504205195,1.0857475856346253,1.1114738055137323,1.072584287723607,1.0557313536425303,1.0369198247847655,1.0405232392799082,1.0234900470437558,0.9632699599531558,0.9673880872050739,0.9259452130907474,0.9096146932894713,0.853346192129608,0.8100759602026072,0.790373821547252,0.7739924167439414,0.7235168102492945,0.7147132417538617,0.6868007113963754,0.6164393620914614,0.5935539423428949,0.5690267004655538,0.5835650024963723,0.5293168158660619,0.5607569395824109,0.5547733827654704,0.520855602536899,0.5463692057432438,0.5506087595175015,0.5125103637429272,0.5433191997959306,0.5615510588428723,0.546368467281072,0.567603757911798,0.5816785395715471,0.6274296432545066,0.6641039226062028,0.6724016626535805,0.7070140585022983,0.7350190274618533,0.7465005409339164,0.7604093428255198,0.751239878779323,0.7809831430691667,0.7894418573723959,0.7868732313022052,0.8094711183770862,0.8163193823154455,0.8130494749148819,0.7974657561820662,0.7619297379176797,0.7657163211065238,0.741415897385784,0.6960170440231823,0.681451823561024,0.6384639795959679,0.6455164913091539,0.6123146952366433,0.5663941942793141,0.5331309663047938,0.5197883008071621,0.4569951633478224,0.43556653859857464,0.40425103649189364,0.38779557483706384,0.3676104672052415,0.322099910913012,0.30657929090338903,0.28703716215541064,0.2527850517730458,0.24045759198689737,0.22120948161803836,0.23526135666900655,0.1805780960547086,0.1791707169565459,0.1675361414813315,0.19512040978556888,0.1738885045469571,0.15913630885151359,0.17342644607963847,0.16899357207375346,0.1563850892956559,0.14968353821212207,0.18237884408024807,0.15784066591329532,0.16603259869896314,0.17604149896348442,0.18219278531320016,0.1921148269826295,0.19418506945454664,0.20050038497265538,0.23366994039919656,0.23509515848215684,0.25443738482783884,0.2578859215464155,0.30733351508878626,0.28966283864640013,0.36307140188936426,0.3835708590502812,0.3942189139037283,0.42481424999279316,0.45346773885720676,0.49149059104917836,0.5375237176179737,0.5399672979983269,0.5726479573226374,0.6223890813177426,0.6257939829155061,0.6600759151228752,0.6997488751890916,0.7256988156120999,0.7299849704961651,0.7663433007873655,0.7826328735855639,0.7847038639810359,0.815528466371125,0.7772711386206119,0.7996340237516844,0.8130584512743507,0.8075812675874097,0.750409316940637,0.7572921470239715,0.7182989935306152,0.720691636081051,0.7119927607858988,0.6773533441936729,0.6420912248883613,0.5916406476310982,0.5826153275853019,0.5309377376496031,0.5152744733354115,0.4889322224659273
6,0.10400092978050066,0.10073719410901613,0.13182095804762978,0.1461365112514971,0.10767362521045357,0.12769262178321406,0.1235287450799722,0.12331786337809891,0.135669549420129,0.12353374093559115,0.1442977171785637,0.10560946354328055,0.12045901173446513,0.10901800650065124,0.1491531583703404,0.13994824229559696,0.10804488346275389,0.11945619609547938,0.13965092256251627,0.12655065372760196,0.11662795988501115,0.13328754248303787,0.1398472037181182,0.14814453232903632,0.1330284935036695,0.1543710632495565,0.15530983569108525,0.12106433764479921,0.13800654102467313,0.15941451376795454,0.14623645064797822,0.13648084611934405,0.1722393213997811,0.16461031110715837,0.16332586043788805,0.15745438875328174,0.19288015211923415,0.18435379595491758,0.21195500211525742,0.237983026367321,0.22463764798556765,0.24199062543204575,0.25332112819458796,0.28007559330845977,0.343170637937339,0.3444005883721275,0.3849829212855727,0.39423712959515944,0.44121097188946057,0.45853722790496265,0.48801478332208525,0.514260679660832,0.5528549153627655,0.6000806091642916,0.6614709018509993,0.6963526885230036,0.7267839392132303,0.7816817764777746,0.8062757330305591,0.8132790943036377,0.882685568220879,0.9112329923320343,0.9360330867677202,0.9652102468608832,0.9757013948226738,1.003087259526454,1.0588063844109927,1.0500026027601543,1.0862426341506035,1.0771524170772115,1.12365418312226,1.115977911606985,1.1162567427997825,1.1017599553227482,1.106955875890513,1.1494678315745224,1.1380138159829614,1.112354110899702,1.1190601259397044,1.1084199612048993,1.094756374475896,1.0534290339363097,1.044655802025458,1.060074790976255,1.0116215245574995,1.0048736363145285,0.9493125490537757,0.95098020553065,0.8937910901723035,0.873101905210051,0.8488518488218655,0.8181543538027902,0.7823003817107134,0.7495508139243001,0.6649871341107264,0.665276254504009,0.6224273175384385,0.583553846462464,0.5462292707952224,0.49390837185200237,0.48083772363860783,0.4517413844778974,0.4163527177032074,0.3511741189064939,0.3516684144773281,0.31655129351575184,0.30003601933165824,0.28978959990442,0.24324574888953426,0.24099644903669706,0.2235337167867082,0.21956422136394219,0.20304803793087928,0.17206332934520746,0.1599518581813434,0.16280636534863296,0.14553568799564465,0.16709207516317148,0.1691805690489686,0.14859941360709894,0.14084933320524415,0.11391743739629687,0.12735300857975335,0.11886307306315644,0.1290569724113065,0.13428162320028492,0.14224206736216535,0.14551341097686155,0.12877846744857113,0.11539859795441283,0.13326666869650797,0.11567986823664596,0.12990691885757136,0.10298668592769225,0.11236594904896902,0.10694735038559515,0.1044196768677951,0.12413599180624732,0.1108450465997776,0.12195544696723352,0.14627628909885507,0.1429229240521269,0.12189159468145888,0.1480105775429154,0.11414998655700616,0.11623951688785729,0.12005849016695182,0.13330097423801646,0.14701470977144016,0.10639462548351347,0.12953862425726215,0.11662263018007955,0.13401603030925047,0.1480284435867434,0.14804114426179701,0.13453312270572043,0.12817764464754472,0.13710308908288768,0.1746742397881114,0.15037801971486578,0.14939612924727644,0.169642406126725,0.18125834192694967,0.18719072233083073,0.1971712244112534,0.2307092926663652,0.20430381803156206,0.24622657139402432,0.25095764989558994,0.2782043232740157,0.27143743448558555,0.2983585157044827,0.3122564534565416,0.37894367169041043,0.38420230483367035,0.4254853556537,0.4123067042922085,0.46425478888934124,0.4728750895013856,0.4969047257980325,0.547276400390488,0.5511325475299967,0.596428675643639,0.6159429042861696,0.6595584980965519,0.6599408081577097,0.7119990495077796,0.7296317911497286,0.7278162009042292,0.7650503321214335,0.7939126448074163,0.7910210872499939,0.7768956877476101,0.7792899263544661,0.8163173838067566,0.7989373933486515,0.809320322946916,0.8031425792427267,0.7871184308016745,0.7482376533322519
7,0.12541089393904617,0.136201958246557,0.13209754889574127,0.12591772123389924,0.143219208227872,0.14153593649349203,0.12125708201090318,0.12110163941767102,0.11451166683226936,0.12441143416588071,0.149552032828503,0.10888479481329912,0.1347740048810013,0.13175761235044542,0.13335041977464995,0.11709384280793896,0.10968692366561195,0.10443266754479436,0.13473608104050128,0.1424101865576899,0.12888227871739075,0.1306210655041076,0.14283448819470268,0.11677459090065553,0.12742356524817183,0.13979785609682072,0.138685106750684,0.121796677959494,0.10557765560284196,0.14501004809805687,0.12421294709936527,0.13301562670692504,0.13473052045893139,0.13814713283594865,0.14567888494695297,0.13232263494280605,0.1387938072157445,0.15172178010086673,0.16209664609195315,0.1454768142198406,0.17013370816548035,0.17060910846269353,0.16206717114068658,0.19772352343497768,0.17117652393984098,0.19789537364351695,0.21358774124956173,0.24194037412761746,0.22776301635366192,0.24499109853971188,0.2493728359498504,0.28298774018452805,0.3124650188689938,0.33556411629210414,0.3755216462976687,0.40320352624302713,0.4251632977977635,0.44032473364988656,0.4951510269485416,0.48894927360879326,0.5514050618084287,0.5854675696207432,0.5826799680683338,0.6379713274342469,0.6597530822256357,0.7112826072639444,0.7313070757038529,0.8036305587718209,0.8029264127070967,0.847630956811704,0.8595939087105943,0.9334040388398901,0.9181734296293798,0.9515332368625874,1.0049533984295649,0.9932872856027274,1.0253153332963985,1.031453436327437,1.0506504133768917,1.072289422365428,1.1128883350809025,1.1259095756735196,1.1407816519088818,1.1207204315377925,1.1214449247532627,1.1234161401276224,1.1375644783475998,1.1148980597794163,1.0949830117662347,1.0994132384524282,1.082434011730993,1.0935805457999457,1.0601470882963897,1.0606958393543409,0.9941747036220768,0.9724547475069982,0.9692452777760125,0.925397273960055,0.8844962313999153,0.901476882543695,0.8311026448507979,0.8344366553945614,0.7740489146692503,0.7485066634559405,0.7193674573365401,0.6968869291517565,0.6491845402347144,0.5826054063468074,0.5897180108852126,0.5305487069297996,0.5030255706131558,0.447981534392868,0.44036192833718996,0.4131816027971542,0.40834121905228704,0.37377011281851025,0.3482420686907738,0.3251172032020144,0.2866916850588122,0.2510824945437302,0.2503502281563491,0.2262102054257175,0.2152194026203193,0.2215404440201082,0.18250853742813491,0.16612454196738485,0.17614313926088293,0.18874185776748953,0.1872571221509912,0.15773700834054016,0.1694326246887476,0.1404274656111446,0.16438857802758283,0.16272681892404905,0.1534544934904496,0.11370630416959114,0.12567409908505323,0.12568864764767634,0.10738344061437863,0.11792338713073601,0.14027033451085746,0.11801577291531085,0.1306403204933442,0.12594027136856903,0.12819044858909293,0.14738242890720984,0.12331482947186133,0.14786364880466038,0.1036821921826954,0.12865937362649194,0.10197884017367485,0.1473284326806288,0.13703753673207594,0.14371006144797116,0.11303001061028167,0.10465289461579327,0.1087721398471656,0.14910189267170593,0.14050702149212574,0.1080315799402568,0.12437773496057836,0.10456379606862834,0.11262192376545854,0.13815019977023982,0.1495750708454387,0.11489109390055427,0.10538163255554775,0.10195500008773317,0.1322836077144584,0.13489602319938984,0.14542868128528982,0.13784943051039755,0.1410821776107841,0.13614998156531904,0.1064671874541212,0.12525087881773217,0.12460037266234808,0.1288541888779066,0.12447675592017565,0.12544274845635398,0.1179613260402217,0.11342430324673898,0.1421667275359888,0.11111605963619836,0.10948189772714945,0.1132523226755796,0.11730391628843101,0.12042152311190654,0.13018995231946912,0.14088822892912897,0.10149593537265926,0.10525497750621653,0.1346370701097036,0.1319845022454509,0.1253697925870021,0.1379070870098838,0.1484967411921877,0.12490765511160969,0.12320478150867245,0.11798918987489518
8,0.10976869462944888,0.13215293092027947,0.10956756098862569,0.13023017128220304,0.11929527906644277,0.14958404133993214,0.1238957069442676,0.11121464150068722,0.11234462007470138,0.11066164090128487,0.14560243788137517,0.13509069153493303,0.11930384722731804,0.12510199229192134,0.14443373188020042,0.14652616885211153,0.11296378306216573,0.11842164800701016,0.10731792158816503,0.12497255128810503,0.14100753495056706,0.11909937048933845,0.1164283238631907,0.13185489829063762,0.14662384516017782,0.13935847675274446,0.12400118861689267,0.11616751531141703,0.10427151852493037,0.13363466415532346,0.11406472527686534,0.1323267148734905,0.12256342278777492,0.12713744030472957,0.12368371398977511,0.10555366101012886,0.11413718508070678,0.11760888613004072,0.13493939925428455,0.14745289998704406,0.15358837443319157,0.133637274022591,0.1551427839105281,0.13543448668896865,0.11794473097272075,0.12551435204339056,0.14347981012655692,0.1511874413262958,0.16951465443960073,0.1380574287062342,0.14367610704531913,0.14601617475071138,0.1767716963958743,0.17312459988190435,0.20320158273622208,0.1878091585642546,0.2167715990079256,0.2381989398561069,0.23623002205447347,0.2544741330868152,0.2812345093638965,0.2962450850404589,0.3034803702845776,0.31734132340118315,0.36836698897217507,0.3718962400731638,0.39476408535912344,0.42166872902384717,0.47065687537326073,0.4974680214269313,0.5445341580794048,0.5582542387343097,0.6102622451856543,0.6089790004747364,0.666131564792078,0.7040890554487073,0.7251695808306965,0.7811355821092867,0.7857325856525,0.8218790674124867,0.8366065835676442,0.9084783201128381,0.9401588892895381,0.933306617691513,0.9748307041902877,0.9904587219015358,1.0395297681445241,1.0506819138052368,1.0519686812083842,1.0577069170696882,1.0641383078589168,1.0734988033318285,1.0951354093926684,1.1022141753919943,1.135848486354788,1.1392567421111395,1.1289813685454144,1.114907115215264,1.1138225644988358,1.0932690810510952,1.0807768386116994,1.0947538845520652,1.0625890497411001,1.0586801383880649,1.0090637590775546,1.020685105969639,0.9678063999110144,0.9477375558268624,0.9133142924789519,0.8656271079834764,0.8543289549952103,0.8342937091909,0.7907240840149286,0.7322899194127405,0.711076297534454,0.6448038836515224,0.6358367571567813,0.5679094639751743,0.5437449774103115,0.48109230934916003,0.4877082742582204,0.4443474441801402,0.4291449993668962,0.38571932813321264,0.3691215513647196,0.3414414915663665,0.29573944506932615,0.27370543941091385,0.2651996563847912,0.21952216699576482,0.21697607504957425,0.2071545507886282,0.18484932685538302,0.17870473318359104,0.15598546436717464,0.16333216968351538,0.15983385181736876,0.13202796954429868,0.15250330021854577,0.16678432872932647,0.1219133446974024,0.12318870273869402,0.12042177871856546,0.11580558593758349,0.12773437474101237,0.12967316176078567,0.11028273295016586,0.10771245589582895,0.11647416394257191,0.11585532416913956,0.14602556305121173,0.12472857924198481,0.1418361823400173,0.11382958827968127,0.10711945871336549,0.13814726436949146,0.12523929531274264,0.13224334592873316,0.11770054576119295,0.13027275798594892,0.12419696165981191,0.10723179075117645,0.11014847804012166,0.13377411947439938,0.14338572612882045,0.13858560370594059,0.147189820214074,0.13660442858058508,0.10127865062085631,0.13026722268904647,0.11960413318377414,0.10193690652941399,0.12554413200467593,0.11334597722982143,0.11247914346848166,0.10005747181469894,0.13993473835570053,0.13006104529909268,0.14865915842752764,0.1298693654347869,0.10905250257528823,0.11529334230177132,0.13131733245708538,0.10177337182945269,0.10427202163529523,0.11479466004364143,0.13269132967693906,0.12210383251437339,0.13496809338116084,0.11316237022293764,0.1473809210013729,0.12292918425699,0.12002228033386868,0.10522132483847088,0.10876073741219104,0.1149913862884231,0.12481505375644161,0.11246694490565275,0.1460920241074306,0.13627236889679945
9,0.10887423679470365,0.11682928818928824,0.11989896448621028,0.14975751477098143,0.14468906278037855,0.1183832384401893,0.11054019939338676,0.1466203444015909,0.12415121102127985,0.13524441173277826,0.13836162569833832,0.1217184475446288,0.12565204082341955,0.10800324261613584,0.1454594191593563,0.13250784406508695,0.12879394295195373,0.10976637205666599,0.11476068674751191,0.14030148585283642,0.1307976656001551,0.13880303499245675,0.11592968397566153,0.11715434763119437,0.11233000653468607,0.12855474099204833,0.14028848616270442,0.10843333778180556,0.14757819521579282,0.1068390568726864,0.13124072735410466,0.1309180785847397,0.1432186760464007,0.12255831428066125,0.11841323067415835,0.11066865687230605,0.1369336915353949,0.1237854528671539,0.11946077763204002,0.10094868485193106,0.13014010864496775,0.13507486668982754,0.14152141062444618,0.12586395095414585,0.13416877463054352,0.12512100966008713,0.11137774081228752,0.13611070774890252,0.10760691487405306,0.11139947911599962,0.13610901712954293,0.10564995718905057,0.13066937510905144,0.11958586003020878,0.13105288893681863,0.12767056303439359,0.1488389656264432,0.15705185706546554,0.146117758793241,0.12909429674721637,0.1534163454074132,0.18179382581538064,0.17988969881955133,0.19753056923683443,0.19058914858284354,0.18950003252739467,0.19929799787241992,0.21661582331976997,0.22366457220986463,0.2603595563106057,0.2807389639475295,0.2894739984934358,0.32698079488711107,0.3097805921481338,0.3414634042549038,0.3841730899990303,0.4240910519959132,0.45521690054072933,0.44443968114343774,0.4960943422886783,0.5178429794399002,0.5463318739420958,0.6183652266270854,0.6499835322803305,0.6853245346914091,0.7130069031214308,0.7659144182488374,0.788324537317895,0.8430447853707408,0.8514357156638536,0.8841499252461915,0.9349782697357863,0.9326449489988012,0.9837575180260063,1.0000625212416554,1.016168539171702,1.0525634099539392,1.079985438395195,1.0750890294246878,1.1003833782586248,1.0962854069658188,1.1387172275957396,1.105221411125064,1.1208561584710253,1.115931322578881,1.1367109909719972,1.1088749439187675,1.089591773445619,1.0865746350201353,1.1018218494472332,1.0535402156047542,1.0801734823358902,1.0207350770091606,1.0248659784406238,1.0220744566798488,0.9579601609668125,0.9431693003264008,0.9518206543117976,0.8850858226290688,0.8507478921137133,0.8637071141166401,0.8266683396522905,0.7526042512445343,0.7607155734021593,0.7140490603149672,0.65563220806558,0.623577066857978,0.6026139805236457,0.576588948064225,0.5565086978064285,0.5309973305101932,0.4909564174408124,0.459261681321773,0.4286674476117308,0.3850438080045063,0.3583847010033155,0.3288074124969263,0.3113710482347236,0.2890531918682082,0.3072679106989808,0.27191792034953116,0.2436538864338501,0.22003552066147045,0.2342263265652807,0.2316523650648804,0.21203588937693163,0.20731416079839662,0.19008269944633477,0.1792965185594093,0.16948835805951434,0.17638944000486406,0.1330390828217982,0.14606159852247647,0.16943794312672786,0.1182507925168748,0.15943654672813132,0.11475069504438482,0.11387330588129516,0.11324724237937742,0.15156348721492174,0.12516616007743123,0.10614667004323453,0.15316114430324407,0.1477337102473849,0.132668278830214,0.12412591718037912,0.12292634374473164,0.10165931526294193,0.13116605262350406,0.12839334732471913,0.11843460934049108,0.12938598995789535,0.12802180396228213,0.11334630990801817,0.14293469074807047,0.12653303340366429,0.11868538901007927,0.12212102346803654,0.1361595312347373,0.12175227521741008,0.11458727930786691,0.1363024749186955,0.13670909069350418,0.14783813759863523,0.12130530737036671,0.10747165323423882,0.13473988468834677,0.11028187122102474,0.10030256864647638,0.12591763953450694,0.11295521085814601,0.12147861364914726,0.13884917734837943,0.12824023810548255,0.10421118186344847,0.13577070615805326,0.12027690131982241,0.1373595293708405,0.10694164033852542,0.11795351686484422
